question,answer
How do I reset my password?,"Go to the login page, click on 'Forgot Password', and follow the instructions sent to your email."
How can I change my email address?,"Navigate to account settings, update your email address, and verify it using the confirmation link."
How do I contact customer support?,You can contact customer support via the Help section or by emailing support@example.com.
What is your refund policy?,"Refunds are available within 14 days of purchase, provided the service has not been extensively used."
How do I cancel my subscription?,Go to Billing Settings and click on 'Cancel Subscription'. Your access will continue until the billing cycle ends.
Can I upgrade my plan?,"Yes, you can upgrade your plan anytime from the Billing section of your account."
Is my data secure?,"Yes, all user data is encrypted at rest and in transit using industry-standard security practices."
Do you support multi-language access?,"Yes, the platform supports multiple languages which can be selected from user preferences."
How do I enable notifications?,Enable notifications from the Settings > Notifications section in your dashboard.
What browsers are supported?,"The application supports the latest versions of Chrome, Firefox, Safari, and Edge."
How do I delete my account?,You can request account deletion from Account Settings. This action is irreversible.
What payment methods are accepted?,"We accept credit cards, debit cards, and select online payment gateways."
How often is my data backed up?,Data is backed up daily with a retention period of 30 days.
Can I access the service on mobile?,"Yes, the service is fully responsive and accessible via mobile browsers."
What should I do if I encounter an error?,"Please refresh the page and retry. If the issue persists, contact support with the error details."
